{"main":"american-flights-api.raml","name":"American Flights API","classifier":"raml","tags":[],"groupId":"d859742b-99a6-4eec-aab1-542396af7f27","assetId":"american-flights-api","version":"1.0.4","apiVersion":"v1","dependencies":[{"groupId":"68ef9520-24e9-4cf2-b2f5-620025690913","assetId":"training-american-flight-data-type","version":"1.0.1"},{"groupId":"68ef9520-24e9-4cf2-b2f5-620025690913","assetId":"training-american-flights-example","version":"1.0.1"}],"originalFormatVersion":"1.0","metadata":{"projectId":"f1037835-a4f6-4e6a-aba8-5629122e329c","branchId":"master","commitId":"c7256304c46de9af4921aefbf4998aecbc359fb6"}}